str,peak,fin,amplitude,rippleDetection_rippleTrlDef
1686918,1687918,1688918,2.12425326004015,0
1689787,1690787,1691787,2.61229037053115,1
1693798,1694798,1695798,2.61741409286909,0
1694983,1695983,1696983,3.66609168986556,0
1708352,1709352,1710352,3.99271403214927,1
1708780,1709780,1710780,2.62033815688326,0
1711678,1712678,1713678,3.18959280722033,0
1712167,1713167,1714167,2.34078197047468,0
1720413,1721413,1722413,2.13488748609535,0
1722612,1723612,1724612,2.63861472823136,0
1735816,1736816,1737816,2.49023527485541,0
1735891,1736891,1737891,3.52394607909198,0
1750388,1751388,1752388,3.33150149211557,1
1754376,1755376,1756376,3.17525574766689,1
1754923,1755923,1756923,3.80006337430576,1
1758310,1759310,1760310,3.50992804589528,1
1766201,1767201,1768201,2.41083574647537,0
1776287,1777287,1778287,2.38886709271329,1
1789192,1790192,1791192,3.27586143066165,1
1790928,1791928,1792928,2.68386437310795,1
1791872,1792872,1793872,2.3667269709314,1
1792047,1793047,1794047,4.1648215731929,1
1816543,1817543,1818543,3.21904513434192,1
1831651,1832651,1833651,3.2077278813279,1
1854279,1855279,1856279,3.70231424560819,1
1860790,1861790,1862790,2.01674536322886,1
1863874,1864874,1865874,2.95117557002282,1
1884260,1885260,1886260,4.09957829691654,1
1906844,1907844,1908844,3.57827717248779,1
1926986,1927986,1928986,2.76485131606039,0
1934082,1935082,1936082,3.7861835080721,0
1945399,1946399,1947399,1.88322045159338,1
1948355,1949355,1950355,2.46425682008941,1
1951488,1952488,1953488,2.33491293885935,0
1951718,1952718,1953718,2.13582318841832,1
1957520,1958520,1959520,2.96832549819881,0
1978364,1979364,1980364,3.12396969152032,0
1978662,1979662,1980662,4.18879356218045,1
1982302,1983302,1984302,2.78859855014371,1
1982509,1983509,1984509,3.03590182966692,1
1984481,1985481,1986481,2.58285463744054,1
1994883,1995883,1996883,2.20804734997228,1
1998990,1999990,2000990,2.37151629011813,1
2032478,2033478,2034478,2.3899658417783,1
2032667,2033667,2034667,4.02517672885737,1
2047339,2048339,2049339,3.7092105755183,0
2061786,2062786,2063786,3.13338436484133,1
2062973,2063973,2064973,3.78008464759806,1
2111980,2112980,2113980,2.61239625429618,1
2120542,2121542,2122542,2.59101684885406,1
2121038,2122038,2123038,2.26790818856454,0
2138650,2139650,2140650,2.95746899573399,1
2143012,2144012,2145012,3.7664466395244,1
2143179,2144179,2145179,2.07624840995977,0
2145984,2146984,2147984,3.66781079663895,1
2160902,2161902,2162902,3.14662599533012,0
2161090,2162090,2163090,3.29543847710739,0
2172584,2173584,2174584,2.00616667430114,1
2213468,2214468,2215468,3.50137393572245,1
2226804,2227804,2228804,2.31554022803563,1
2234933,2235933,2236933,2.75092659273553,1
2302114,2303114,2304114,3.66709749617627,1
2331697,2332697,2333697,2.61235639733746,0
2336833,2337833,2338833,3.75239163876419,0
2337688,2338688,2339688,3.49922280572443,1
2345376,2346376,2347376,3.51234874003933,0
2345416,2346416,2347416,2.88127645214303,0
2364252,2365252,2366252,3.46279215326121,0
2366831,2367831,2368831,3.18037730641949,1
2367056,2368056,2369056,2.95862600694127,1
2400207,2401207,2402207,2.66229282616144,0
2410041,2411041,2412041,2.24642246742499,0
2412461,2413461,2414461,3.48882723439506,1
2440750,2441750,2442750,3.55797663631358,1
2443083,2444083,2445083,3.27786969248255,1
2494060,2495060,2496060,3.33903583703896,1
2511308,2512308,2513308,3.46124359029797,1
2515004,2516004,2517004,2.60198267763674,0
2531287,2532287,2533287,3.47233684118876,1
2547578,2548578,2549578,2.71465184145828,0
2554569,2555569,2556569,3.58152342915793,1
2559573,2560573,2561573,2.0987096291436,0
2635025,2636025,2637025,2.08574772660712,1
2635369,2636369,2637369,3.15356527981642,1
2642990,2643990,2644990,3.01234211906962,1
2649710,2650710,2651710,2.79797090024883,1
2672531,2673531,2674531,3.63721142147888,1
2681802,2682802,2683802,2.81029092570411,1
2696147,2697147,2698147,2.12026306664547,1
2711441,2712441,2713441,2.94736800302808,0
2780978,2781978,2782978,2.31790663217719,1
2803241,2804241,2805241,2.37375899095794,1
2815192,2816192,2817192,4.08526171321,1
2818702,2819702,2820702,3.08491923034499,0
2826672,2827672,2828672,3.15066359091028,1
2872124,2873124,2874124,3.5350683658399,0
2902279,2903279,2904279,4.03207373839273,1
2924704,2925704,2926704,3.03898076699354,1
2935887,2936887,2937887,1.89268660539627,1
2937915,2938915,2939915,2.80535758223797,1
2944157,2945157,2946157,2.26477926572621,0
2947192,2948192,2949192,2.41412508255196,0
2948454,2949454,2950454,2.51265112127224,0
2974951,2975951,2976951,3.28414187348765,0
2975008,2976008,2977008,3.26136130973517,0
2977347,2978347,2979347,2.19034581263982,1
2983739,2984739,2985739,2.34405133042072,0
3044937,3045937,3046937,2.93204822688055,0
3046806,3047806,3048806,2.32616858389484,1
3048475,3049475,3050475,3.37510203979697,1
3084533,3085533,3086533,2.62981147605085,1
3092274,3093274,3094274,3.95354698535943,0
3092454,3093454,3094454,2.95985594021874,1
3096172,3097172,3098172,3.82224044733014,1
3133888,3134888,3135888,3.37936363218345,0
3138824,3139824,3140824,2.83885541048276,1
3185106,3186106,3187106,2.14077886143062,0
3187762,3188762,3189762,3.0802636131928,1
3193053,3194053,3195053,2.87806805565677,1
3203708,3204708,3205708,3.48730703177905,0
3212427,3213427,3214427,2.92740369215075,0
3219430,3220430,3221430,3.67184179884583,1
3309239,3310239,3311239,2.25504658472447,1
3311097,3312097,3313097,3.47472328202176,1
3363175,3364175,3365175,4.01658710581623,0
3397387,3398387,3399387,2.17784211245476,1
3430050,3431050,3432050,2.10603531556205,1
3450220,3451220,3452220,4.30456400201468,1
3468096,3469096,3470096,2.37583910349709,0
3490273,3491273,3492273,3.85449646117739,1
3498514,3499514,3500514,3.29516569387276,1
3498693,3499693,3500693,2.20739615865971,0
3499009,3500009,3501009,2.96433887601374,1
3566989,3567989,3568989,4.07061042541344,1
3568231,3569231,3570231,4.29042562553829,1
3625368,3626368,3627368,2.22989134509351,0
3653831,3654831,3655831,2.07591225624205,0
3695130,3696130,3697130,2.3732090823445,1
3703933,3704933,3705933,3.51905088525126,1
3723133,3724133,3725133,3.96244686550702,1
3740202,3741202,3742202,3.00131613997974,0
3742800,3743800,3744800,3.1222691254109,0
3761436,3762436,3763436,2.19047655308723,1
3769213,3770213,3771213,2.80979288245788,0
3788026,3789026,3790026,2.55648042999787,0
3794905,3795905,3796905,3.6493583012867,1
3800900,3801900,3802900,2.45621490509064,1
3825449,3826449,3827449,3.12650867590049,1
3850453,3851453,3852453,2.78243872435902,1
3857872,3858872,3859872,3.34660838016349,1
3925637,3926637,3927637,2.8333281104521,1
3938644,3939644,3940644,1.94589843092425,1
3977333,3978333,3979333,4.3837093459925,1
4022745,4023745,4024745,2.59613258236759,0
4054275,4055275,4056275,3.34335097039412,1
4054984,4055984,4056984,2.53778414189538,1
4055129,4056129,4057129,2.96080215653111,0
4055215,4056215,4057215,2.23340944421088,0
4072053,4073053,4074053,3.83141480005036,0
4082568,4083568,4084568,2.02693137041637,0
4143465,4144465,4145465,2.89702326083809,1
4146022,4147022,4148022,2.82112453262086,1
4591619,4592619,4593619,3.3804289439068,1
4604471,4605471,4606471,3.07372298235377,1
4609075,4610075,4611075,2.34028624106679,0
4613071,4614071,4615071,2.6195760457252,0
4616497,4617497,4618497,2.5758237856044,1
4616601,4617601,4618601,2.05501882621593,0
4617532,4618532,4619532,3.44322537214962,1
4644803,4645803,4646803,2.54495083570289,0
4669418,4670418,4671418,3.37594137643102,0
4673694,4674694,4675694,2.91129788222898,0
4690908,4691908,4692908,3.04599303849395,1
4700416,4701416,4702416,4.37631196822511,1
4700517,4701517,4702517,4.04334003372803,0
4720346,4721346,4722346,3.78496045488343,1
4747950,4748950,4749950,2.28997935204713,1
4776167,4777167,4778167,2.87305638969078,1
4802018,4803018,4804018,2.38772304903254,0
4827268,4828268,4829268,2.88160950508973,1
4832785,4833785,4834785,2.83746608905178,1
4836795,4837795,4838795,2.35722228375624,1
4837384,4838384,4839384,3.21039304423186,1
4849626,4850626,4851626,2.19770530121243,1
4864527,4865527,4866527,4.26009469379032,0
4872118,4873118,4874118,2.22937785377292,1
4872645,4873645,4874645,2.13237140041723,1
4879446,4880446,4881446,2.78264360868678,1
4922197,4923197,4924197,3.64036023827144,0
4950080,4951080,4952080,3.21175824017167,1
4961124,4962124,4963124,3.10272961018321,1
4993061,4994061,4995061,4.00392907491188,0
4998636,4999636,5000636,3.65008283122525,0
5001749,5002749,5003749,3.53391221445687,1
5003113,5004113,5005113,3.86672093705396,0
5019210,5020210,5021210,4.09607012586233,1
5079888,5080888,5081888,4.07203435476318,1
5084633,5085633,5086633,3.87471055087863,1
5107152,5108152,5109152,3.84363501973715,1
5150336,5151336,5152336,4.29423396152155,1
5230372,5231372,5232372,4.35199301104936,1
5283056,5284056,5285056,3.98265417926162,1
5306474,5307474,5308474,4.29286979775476,0
5329931,5330931,5331931,3.1187380349319,1
5337781,5338781,5339781,2.64583411108345,0
5337956,5338956,5339956,3.62770645173521,0
5344390,5345390,5346390,3.54922904162272,1
5386936,5387936,5388936,2.58618468917391,1
5434579,5435579,5436579,2.19044992339503,1
5470037,5471037,5472037,2.11012309759523,1
5487072,5488072,5489072,2.63643264382395,1
5488152,5489152,5490152,2.55431821998684,0
5488299,5489299,5490299,4.16999496370948,1
5488439,5489439,5490439,3.22725395665476,0
5530299,5531299,5532299,3.15389432057113,1
5534198,5535198,5536198,2.37118167767975,1
5545097,5546097,5547097,2.27537800802401,0
5545240,5546240,5547240,4.29773053636935,0
5567507,5568507,5569507,2.81465794013464,1
5663537,5664537,5665537,2.37659038775322,1
5709907,5710907,5711907,3.22517561355363,0
5742471,5743471,5744471,2.32547561873108,1
5749973,5750973,5751973,2.14470695005366,1
5750212,5751212,5752212,3.21855836143951,0
5753680,5754680,5755680,2.86888306336641,0
5753750,5754750,5755750,3.47799228507045,0
5759817,5760817,5761817,2.76660665438718,1
5769044,5770044,5771044,2.00124407925484,1
5981365,5982365,5983365,3.17729950130319,1
5996867,5997867,5998867,2.45817066248774,1
6168573,6169573,6170573,3.76286246696786,0
6170011,6171011,6172011,3.4949237050413,0
6170137,6171137,6172137,4.21573030637277,1
6173179,6174179,6175179,4.37224656666086,1
6196110,6197110,6198110,2.68068616764458,1
6198756,6199756,6200756,3.14776030574935,0
6206104,6207104,6208104,2.65568198212639,0
6219201,6220201,6221201,2.62549400885106,1
6219404,6220404,6221404,3.81576029897321,1
6288104,6289104,6290104,4.26817586311152,1
6316009,6317009,6318009,4.00002691030888,1
6320125,6321125,6322125,4.20370300333058,1
6448585,6449585,6450585,2.81031284119909,1
6563033,6564033,6565033,2.25101904110943,1
6612076,6613076,6614076,3.57354250089035,0
6726641,6727641,6728641,2.46987175769101,1
6740567,6741567,6742567,2.46470829159314,1
6825494,6826494,6827494,2.74256226063206,1
6878101,6879101,6880101,2.30463549599783,1
6904534,6905534,6906534,3.85865786141181,1
6904862,6905862,6906862,2.34312274317136,1
6906078,6907078,6908078,3.80960042399873,1
6906227,6907227,6908227,4.35947921576007,0
6912658,6913658,6914658,2.29502918392948,1
6926664,6927664,6928664,3.80607884995534,1
6927144,6928144,6929144,3.70980393981128,1
6962052,6963052,6964052,2.77042296972104,1
6966211,6967211,6968211,2.84135078697942,0
6990317,6991317,6992317,2.37851280828105,0
7069073,7070073,7071073,3.50292256956966,1
7076898,7077898,7078898,3.08314728642311,0
7084135,7085135,7086135,3.86949214015269,1
7149879,7150879,7151879,2.23171755506083,0
7206169,7207169,7208169,3.41409102559449,1
7246296,7247296,7248296,3.48123120307336,0
7303704,7304704,7305704,4.25705701067538,1
7322787,7323787,7324787,2.69247571869451,0
7356410,7357410,7358410,3.94671967198638,1
7398219,7399219,7400219,2.79031985182337,0
7408435,7409435,7410435,3.19364451832387,0
7412341,7413341,7414341,2.45193074848746,0
7412425,7413425,7414425,4.05066439398677,1
7414503,7415503,7416503,2.59163752294752,1
7417045,7418045,7419045,2.49624826032228,0
7417155,7418155,7419155,2.59436774875151,0
7417556,7418556,7419556,3.18497552418269,0
7472019,7473019,7474019,3.82201531845898,1
7480749,7481749,7482749,2.77650947001907,1
7481239,7482239,7483239,3.26308723347693,0
7495480,7496480,7497480,2.11263299235691,0
7516337,7517337,7518337,3.38299570256319,1
7550723,7551723,7552723,2.89735009436841,1
7714427,7715427,7716427,2.89433179668214,1
7714746,7715746,7716746,2.91773560109348,0
7715090,7716090,7717090,4.08149939062824,0
7718056,7719056,7720056,2.17717114161375,0
7724635,7725635,7726635,3.00829923624333,0
7811694,7812694,7813694,2.25558812898509,0
7832766,7833766,7834766,3.25261914793058,0
7838293,7839293,7840293,2.45104096516132,0
7909440,7910440,7911440,3.79845858117734,1
7943960,7944960,7945960,2.99667682323583,1
7999091,8000091,8001091,3.90244602380744,1
9373246,9374246,9375246,3.430976309082,1
9383126,9384126,9385126,3.80237779921873,0
9385836,9386836,9387836,2.05696197634317,0
9445491,9446491,9447491,2.95314203693952,0
9509150,9510150,9511150,2.97080807656431,1
9548156,9549156,9550156,2.85711767112858,0
9593741,9594741,9595741,4.22351058817788,1
9616147,9617147,9618147,3.8920960791801,1
9631046,9632046,9633046,4.11740328886046,1
9712977,9713977,9714977,2.99977981031258,1
9868696,9869696,9870696,4.38704988474326,1
9907804,9908804,9909804,3.57352214949256,1
9962622,9963622,9964622,3.18066412303882,0
10164089,10165089,10166089,3.02745861676152,1
10209460,10210460,10211460,3.24543777008114,1
10215143,10216143,10217143,3.60777789472065,1
10229369,10230369,10231369,3.89203344973702,1
10310588,10311588,10312588,4.06045052147384,1
10336613,10337613,10338613,4.38045649140075,1
10340513,10341513,10342513,4.27186695429887,1
10355997,10356997,10357997,2.76218152917034,1
10364707,10365707,10366707,3.71017024607121,1
10467514,10468514,10469514,3.19948610668564,1
10476205,10477205,10478205,2.93907138406908,0
10489749,10490749,10491749,3.35967792700836,1
10499036,10500036,10501036,2.80191521119867,1
10500099,10501099,10502099,3.2431853361768,1
10524301,10525301,10526301,4.16583591384015,1
10588857,10589857,10590857,3.63142604223437,1
10611009,10612009,10613009,3.43544884447049,1
10669599,10670599,10671599,3.79902352262859,0
10689614,10690614,10691614,3.82651161473247,1
10689780,10690780,10691780,2.89282189684037,0
10692080,10693080,10694080,2.43446186421153,1
10701783,10702783,10703783,3.71519868057284,0
10746567,10747567,10748567,4.2227203697715,1
10758767,10759767,10760767,2.92310057912539,1
10758839,10759839,10760839,3.04760048823543,0
10779368,10780368,10781368,3.02653952532135,1
10779715,10780715,10781715,3.01291676880685,0
10799448,10800448,10801448,2.9847937756977,1
10808513,10809513,10810513,3.01944917852304,0
10808605,10809605,10810605,3.04996622698918,0
10836983,10837983,10838983,3.95702797565101,1
10838649,10839649,10840649,4.31199979208627,1
10842028,10843028,10844028,3.89831905767663,1
10842294,10843294,10844294,3.35688895537054,1
10889857,10890857,10891857,4.0584615793301,1
10951718,10952718,10953718,3.50457198050066,0
10956086,10957086,10958086,3.69439135562411,1
10956233,10957233,10958233,4.18062282051095,0
11002811,11003811,11004811,2.60671927950994,0
11018640,11019640,11020640,3.98506600435831,0
11025390,11026390,11027390,3.5466505837549,1
11026460,11027460,11028460,3.28006307092672,1
11044549,11045549,11046549,2.52817342822325,1
11128428,11129428,11130428,2.5309065077352,1
11129536,11130536,11131536,3.48468093512925,1
11167744,11168744,11169744,4.16360688837852,1
11207297,11208297,11209297,3.17875046633053,1
11212520,11213520,11214520,3.16419406577819,0
11274313,11275313,11276313,2.27769806118772,1
11327481,11328481,11329481,3.35926961970085,0
11331864,11332864,11333864,3.75941633989371,1
11337194,11338194,11339194,3.93960947358449,1
11341596,11342596,11343596,2.38293869617205,1
11379263,11380263,11381263,3.27466415793651,1
11383193,11384193,11385193,3.74809414203356,1
11383738,11384738,11385738,2.58583298266831,1
11402246,11403246,11404246,3.75956203973411,0
11616408,11617408,11618408,3.53364875863309,1
11616459,11617459,11618459,2.31226879361516,0
11625413,11626413,11627413,2.31554932182723,1
11625562,11626562,11627562,4.03199638146712,1
11626684,11627684,11628684,3.70572924243536,1
11651260,11652260,11653260,2.56287259266413,0
11651526,11652526,11653526,3.8362590814288,1
11752689,11753689,11754689,3.14128380476114,1
11907053,11908053,11909053,2.8954551397873,1
16705595,16706595,16707595,3.83706494101051,0
16705708,16706708,16707708,4.12875543423488,0
16710261,16711261,16712261,3.92642524339756,0
16717615,16718615,16719615,2.63622082088009,1
16728200,16729200,16730200,3.0054379222949,0
16736089,16737089,16738089,3.15165477331317,1
16758152,16759152,16760152,2.93288371743384,1
16799331,16800331,16801331,2.37225606224261,1
16841245,16842245,16843245,2.08164576204505,1
16850541,16851541,16852541,4.19078719888619,1
16886937,16887937,16888937,2.8003567337374,1
16896642,16897642,16898642,2.45389232191701,0
16940188,16941188,16942188,2.13058671299257,1
16969608,16970608,16971608,4.00858915300852,1
17026177,17027177,17028177,2.50637004755538,1
17033756,17034756,17035756,4.09486693648783,1
17034243,17035243,17036243,3.51551545977012,1
17055472,17056472,17057472,2.77062852225779,1
17067277,17068277,17069277,2.52192790597781,1
17094993,17095993,17096993,3.30701636044436,1
17097772,17098772,17099772,3.22401779567942,1
17105676,17106676,17107676,2.49721462715998,1
17135185,17136185,17137185,1.97858764078824,0
17171537,17172537,17173537,3.82028692541308,1
17173904,17174904,17175904,3.65197383906751,1
17174349,17175349,17176349,3.51709141818527,1
17182930,17183930,17184930,2.95540484756969,1
17183213,17184213,17185213,3.44749433035836,1
17194308,17195308,17196308,3.06191531743065,1
17204567,17205567,17206567,3.05008729287087,1
17209104,17210104,17211104,3.65920188933893,1
17225136,17226136,17227136,3.11553620010141,1
17231582,17232582,17233582,2.59361339563568,0
17232384,17233384,17234384,3.04667418941269,1
17232580,17233580,17234580,3.20362654959178,1
17240284,17241284,17242284,3.12512611737911,1
17246030,17247030,17248030,3.42900156165313,1
17255063,17256063,17257063,2.59235893186857,1
17257090,17258090,17259090,2.48735556072678,1
17265842,17266842,17267842,3.24329994750779,1
17267094,17268094,17269094,2.98762207163227,1
17308371,17309371,17310371,2.62486215657558,1
17341765,17342765,17343765,2.41164448747175,1
17373337,17374337,17375337,2.71567857263592,1
17380711,17381711,17382711,3.7810651342053,1
17380815,17381815,17382815,2.34193465906143,0
17402214,17403214,17404214,2.43883557242259,1
17436881,17437881,17438881,4.2077810104346,1
17504151,17505151,17506151,3.38242910394058,0
17564730,17565730,17566730,3.08868980127324,1
17566706,17567706,17568706,2.25173030120033,1
17580125,17581125,17582125,3.78794448961378,0
17589247,17590247,17591247,3.44625043639948,0
17589308,17590308,17591308,3.49857213080353,0
17624839,17625839,17626839,2.16249313809193,1
17626727,17627727,17628727,3.48308826480213,1
17633912,17634912,17635912,2.26151903968561,0
17645712,17646712,17647712,3.91059333876715,1
17671934,17672934,17673934,2.7472214611265,1
17676150,17677150,17678150,2.5301975239115,1
17711375,17712375,17713375,2.76398268268911,1
17732782,17733782,17734782,2.98358605057071,0
17771519,17772519,17773519,3.26368795183925,1
17793863,17794863,17795863,3.34891409336508,1
17811650,17812650,17813650,2.15061825561246,0
17823375,17824375,17825375,2.18669454934869,1
17926828,17927828,17928828,2.67442626333082,0
18007752,18008752,18009752,3.90122441878685,1
18009756,18010756,18011756,2.18217964462442,1
18012497,18013497,18014497,2.2255624332274,0
18013553,18014553,18015553,3.69949406849643,1
18023818,18024818,18025818,2.60265735868217,1
18035183,18036183,18037183,1.80454173646278,0
18158575,18159575,18160575,4.38430033557926,0
18202912,18203912,18204912,2.92228389533263,0
18218161,18219161,18220161,3.8197048230227,0
18263003,18264003,18265003,3.80374850066476,1
18264669,18265669,18266669,2.61129038560317,0
18274684,18275684,18276684,2.77250365670042,1
18396383,18397383,18398383,2.31211660676478,0
18407646,18408646,18409646,3.86987670598301,1
18436100,18437100,18438100,3.7007412270374,1
18523274,18524274,18525274,2.06813383034943,1
18569358,18570358,18571358,4.18479279669056,1
18627795,18628795,18629795,2.11050373903042,0
18662943,18663943,18664943,3.12544489142907,1
18672395,18673395,18674395,2.8370876079923,1
18690830,18691830,18692830,3.56730902406877,1
18705117,18706117,18707117,2.53686866579457,0
18844633,18845633,18846633,3.38410763895716,0
18886724,18887724,18888724,2.56007679214367,1
18891114,18892114,18893114,2.39791402763168,1
18946932,18947932,18948932,2.41508167195733,1
18964708,18965708,18966708,2.37640680009742,0
18970154,18971154,18972154,4.29797410469628,1
19033995,19034995,19035995,4.37720038748222,1
19039880,19040880,19041880,3.54948285334776,1
19075059,19076059,19077059,3.46793425212497,1
19102073,19103073,19104073,2.31057539030585,1
19132311,19133311,19134311,3.19253251108023,1
19145952,19146952,19147952,2.63164406546601,1
19186926,19187926,19188926,3.50910119993876,1
19225082,19226082,19227082,2.81670989465731,1
19254319,19255319,19256319,2.76421902561286,1
19257811,19258811,19259811,4.15298464289489,1
19364281,19365281,19366281,3.63330138564734,1
19371524,19372524,19373524,2.14614775906355,0
19376047,19377047,19378047,4.25395827835684,1
19376120,19377120,19378120,1.81954145924309,0
19376431,19377431,19378431,4.01443452235066,0
19383761,19384761,19385761,3.87835766197263,1
19391912,19392912,19393912,2.03738459568014,0
19407862,19408862,19409862,3.63924134813589,0
19407975,19408975,19409975,4.31876735132723,0
19408173,19409173,19410173,3.35169492918898,0
19408650,19409650,19410650,3.29413049367705,1
19426504,19427504,19428504,1.93200410304444,0
19430100,19431100,19432100,2.60089976516482,1
19462925,19463925,19464925,4.12988702151653,1
19468553,19469553,19470553,3.02974551063624,1
19469123,19470123,19471123,2.43458281026631,0
19469391,19470391,19471391,1.96204219461196,0
19498058,19499058,19500058,3.84774614684935,1
19506735,19507735,19508735,2.28421772596266,0
19542766,19543766,19544766,1.98304574553879,0
22248592,22249592,22250592,3.83949564092321,1
22255628,22256628,22257628,2.66414470701882,1
22256752,22257752,22258752,2.9606023514048,1
22298599,22299599,22300599,3.71913967999614,1
22298804,22299804,22300804,3.23661418802174,1
22328032,22329032,22330032,3.82387066186112,1
22332537,22333537,22334537,2.85762880195608,1
22341164,22342164,22343164,2.40511974790969,1
22341323,22342323,22343323,2.78132540260436,1
22364871,22365871,22366871,1.92965210542176,0
22376766,22377766,22378766,4.4033909192839,1
22376940,22377940,22378940,3.54754455289324,0
22411261,22412261,22413261,3.64796865854827,1
22424669,22425669,22426669,3.49016815387892,1
22443247,22444247,22445247,2.48920270898751,1
22485430,22486430,22487430,2.87727257823953,1
22485542,22486542,22487542,2.43264936601422,0
22489582,22490582,22491582,3.23633602397742,1
22504236,22505236,22506236,2.58721363421184,0
22504428,22505428,22506428,2.76503430780254,0
22514404,22515404,22516404,2.16936017542353,1
22520572,22521572,22522572,3.10742072404574,0
22520698,22521698,22522698,3.0889479427413,0
22527730,22528730,22529730,3.45544948163449,1
22532947,22533947,22534947,2.48432422682207,1
22538943,22539943,22540943,3.25873161937181,0
22597573,22598573,22599573,3.18990762619116,1
22598049,22599049,22600049,3.90509382146011,0
22598115,22599115,22600115,2.64913224755053,0
22599657,22600657,22601657,3.01841184606063,1
22622819,22623819,22624819,3.27832639761925,1
22623038,22624038,22625038,3.70320713168928,1
22623181,22624181,22625181,4.33618308946882,1
22623304,22624304,22625304,2.6047684791932,0
22641221,22642221,22643221,4.02406066681525,1
22641501,22642501,22643501,2.18648817447406,1
22650547,22651547,22652547,3.45001509697359,1
22653188,22654188,22655188,2.54634917085887,1
22653312,22654312,22655312,3.32601252043008,1
22676851,22677851,22678851,3.25368105416293,1
22683000,22684000,22685000,2.50493975973497,1
22688545,22689545,22690545,2.76899337763572,0
22703093,22704093,22705093,2.794880362474,1
22719892,22720892,22721892,4.03554915567241,1
22762024,22763024,22764024,3.27472080796487,1
22773102,22774102,22775102,3.37613244343583,1
22816937,22817937,22818937,2.70728025143725,1
22914877,22915877,22916877,3.03469631545993,0
22931351,22932351,22933351,2.14205656078718,0
23002604,23003604,23004604,2.38700307635836,0
23077188,23078188,23079188,2.56281172487847,1
23138606,23139606,23140606,3.8566287698237,1
23212888,23213888,23214888,3.33854323089338,0
23223466,23224466,23225466,3.51732928370608,1
23246743,23247743,23248743,3.10947530530458,1
23246928,23247928,23248928,2.53573491417123,1
23271809,23272809,23273809,3.59073730682647,1
23395678,23396678,23397678,3.97550954845401,0
23401757,23402757,23403757,3.35246592836525,1
23458070,23459070,23460070,4.0663912930862,1
23520980,23521980,23522980,3.88491027043939,1
23528603,23529603,23530603,3.05758067679753,1
23584809,23585809,23586809,2.88293693148469,0
23587401,23588401,23589401,3.73388918623765,0
23609363,23610363,23611363,2.40887137339043,0
23680075,23681075,23682075,2.99057595325371,1
23766223,23767223,23768223,2.99048869183136,1
23835934,23836934,23837934,4.13340390191332,1
23884005,23885005,23886005,3.48057002975126,1
23919092,23920092,23921092,3.92418811081018,1
23930604,23931604,23932604,3.41706840060261,1
23976122,23977122,23978122,3.15138970261198,0
23979020,23980020,23981020,3.98053714302164,1
24009878,24010878,24011878,4.34877917511516,1
24022181,24023181,24024181,2.7500580731044,1
24061089,24062089,24063089,3.40986551884061,0
24145943,24146943,24147943,3.61145862082737,0
24154255,24155255,24156255,3.90447278463579,1
24210178,24211178,24212178,2.74560555433681,1
24242820,24243820,24244820,3.82720616817193,0
24247251,24248251,24249251,4.05677384641908,1
24276425,24277425,24278425,2.51464357807111,1
24298085,24299085,24300085,3.59621052318963,1
24341399,24342399,24343399,2.2339314584512,0
24342627,24343627,24344627,3.5337264731359,1
24411594,24412594,24413594,4.23655217000357,1
24721211,24722211,24723211,3.04192302669143,1
24735998,24736998,24737998,3.09293657105231,1
24835050,24836050,24837050,2.37493516790747,0
24841658,24842658,24843658,2.98873565287294,1
24845476,24846476,24847476,3.76617746912704,0
24845974,24846974,24847974,2.42556506881335,1
24857497,24858497,24859497,3.72154493394785,1
24859938,24860938,24861938,2.35553021414691,1
24884434,24885434,24886434,3.5871369207887,0
24888825,24889825,24890825,2.01366686653629,1
24892538,24893538,24894538,3.94800389370631,1
24892752,24893752,24894752,2.18074067553288,1
24894826,24895826,24896826,3.06439431188544,0
24937636,24938636,24939636,3.68010521216612,1
24940804,24941804,24942804,3.37015032351136,1
24967376,24968376,24969376,2.90322453508667,0
24973758,24974758,24975758,2.41978108048176,0
25030044,25031044,25032044,3.52795787307722,1
25039516,25040516,25041516,2.10380304604719,1
25064363,25065363,25066363,4.02057361790498,0
25073583,25074583,25075583,2.32475482139688,1
25076087,25077087,25078087,2.57752556880153,1
25099867,25100867,25101867,2.13512346627985,1
25126271,25127271,25128271,3.21827964453603,1
25154476,25155476,25156476,3.06261352516622,1
25155295,25156295,25157295,1.9927253995003,0
25157817,25158817,25159817,3.64920090202087,1
25200022,25201022,25202022,3.65294573562317,1
25214856,25215856,25216856,2.34238310037448,0
25215103,25216103,25217103,3.27886120681505,1
25241765,25242765,25243765,1.86396128952443,1
25259957,25260957,25261957,2.53881521950419,1
26402400,26403400,26404400,3.57922261350568,1
26402578,26403578,26404578,3.72769402687456,1
26416092,26417092,26418092,2.47024581348822,1
26416245,26417245,26418245,4.00957249028712,0
26416376,26417376,26418376,4.02670601826355,1
26421938,26422938,26423938,1.9659776286052,1
26422148,26423148,26424148,3.1590654917112,1
26422281,26423281,26424281,2.41953832299017,0
26422552,26423552,26424552,3.03819262783669,1
26433227,26434227,26435227,3.22445150450205,1
26433445,26434445,26435445,3.8467190359693,0
26433528,26434528,26435528,4.40629801460592,1
26478991,26479991,26480991,2.04481563334195,1
26506145,26507145,26508145,3.31366024356096,1
26508152,26509152,26510152,3.25535893880162,1
26518977,26519977,26520977,2.88759569755441,1
26520536,26521536,26522536,3.01541687081527,0
26522599,26523599,26524599,3.89237484234587,1
26522858,26523858,26524858,3.17702323887215,0
26523078,26524078,26525078,2.59986729613316,0
26523192,26524192,26525192,3.91188181144965,0
26523264,26524264,26525264,3.77778968010534,0
26524057,26525057,26526057,3.32304818024957,1
26525133,26526133,26527133,4.09951793166509,1
26566616,26567616,26568616,3.21849674889361,0
26566853,26567853,26568853,3.64984971083751,1
26607700,26608700,26609700,2.88195168106425,1
26651357,26652357,26653357,3.91704244428354,0
26658086,26659086,26660086,3.49713090508198,1
26658248,26659248,26660248,3.5492645869024,1
